[
    {
        "id": "1",
        "name": "Lil' Ava",
        "image": "https://raw.githubusercontent.com/Nereziel/cs2-WeaponPaints/main/website/img/skins/keychain-1.png"
    },
    {
        "id": "2",
        "name": "That's Bananas",
        "image": "https://raw.githubusercontent.com/Nereziel/cs2-WeaponPaints/main/website/img/skins/keychain-2.png"
    },
    {
        "id": "3",
        "name": "Lil' Whiskers",
        "image": "https://raw.githubusercontent.com/Nereziel/cs2-WeaponPaints/main/website/img/skins/keychain-3.png"
    },
    {
        "id": "4",
        "name": "Lil' Sandy",
        "image": "https://raw.githubusercontent.com/Nereziel/cs2-WeaponPaints/main/website/img/skins/keychain-4.png"
    },
    {
        "id": "5",
        "name": "Chicken Lil'",
        "image": "https://raw.githubusercontent.com/Nereziel/cs2-WeaponPaints/main/website/img/skins/keychain-5.png"
    },
    {
        "id": "6",
        "name": "Lil' Crass",
        "image": "https://raw.githubusercontent.com/Nereziel/cs2-WeaponPaints/main/website/img/skins/keychain-6.png"
    },
    {
        "id": "7",
        "name": "Hot Howl",
        "image": "https://raw.githubusercontent.com/Nereziel/cs2-WeaponPaints/main/website/img/skins/keychain-7.png"
    },
    {
        "id": "8",
        "name": "Big Kev",
        "image": "https://raw.githubusercontent.com/Nereziel/cs2-WeaponPaints/main/website/img/skins/keychain-8.png"
    },
    {
        "id": "9",
        "name": "Lil' Monster",
        "image": "https://raw.githubusercontent.com/Nereziel/cs2-WeaponPaints/main/website/img/skins/keychain-9.png"
    },
    {
        "id": "10",
        "name": "Hot Sauce",
        "image": "https://raw.githubusercontent.com/Nereziel/cs2-WeaponPaints/main/website/img/skins/keychain-10.png"
    },
    {
        "id": "11",
        "name": "Diamond Dog",
        "image": "https://raw.githubusercontent.com/Nereziel/cs2-WeaponPaints/main/website/img/skins/keychain-11.png"
    },
    {
        "id": "12",
        "name": "Pinch O' Salt",
        "image": "https://raw.githubusercontent.com/Nereziel/cs2-WeaponPaints/main/website/img/skins/keychain-12.png"
    },
    {
        "id": "13",
        "name": "Diner Dog",
        "image": "https://raw.githubusercontent.com/Nereziel/cs2-WeaponPaints/main/website/img/skins/keychain-13.png"
    },
    {
        "id": "14",
        "name": "Lil' Teacup",
        "image": "https://raw.githubusercontent.com/Nereziel/cs2-WeaponPaints/main/website/img/skins/keychain-14.png"
    },
    {
        "id": "15",
        "name": "Lil' SAS",
        "image": "https://raw.githubusercontent.com/Nereziel/cs2-WeaponPaints/main/website/img/skins/keychain-15.png"
    },
    {
        "id": "16",
        "name": "Hot Wurst",
        "image": "https://raw.githubusercontent.com/Nereziel/cs2-WeaponPaints/main/website/img/skins/keychain-16.png"
    },
    {
        "id": "17",
        "name": "Baby's AK",
        "image": "https://raw.githubusercontent.com/Nereziel/cs2-WeaponPaints/main/website/img/skins/keychain-17.png"
    },
    {
        "id": "18",
        "name": "Die-cast AK",
        "image": "https://raw.githubusercontent.com/Nereziel/cs2-WeaponPaints/main/website/img/skins/keychain-18.png"
    },
    {
        "id": "19",
        "name": "Pocket AWP",
        "image": "https://raw.githubusercontent.com/Nereziel/cs2-WeaponPaints/main/website/img/skins/keychain-19.png"
    },
    {
        "id": "20",
        "name": "Titeenium AWP",
        "image": "https://raw.githubusercontent.com/Nereziel/cs2-WeaponPaints/main/website/img/skins/keychain-20.png"
    },
    {
        "id": "21",
        "name": "Baby Karat CT",
        "image": "https://raw.githubusercontent.com/Nereziel/cs2-WeaponPaints/main/website/img/skins/keychain-21.png"
    },
    {
        "id": "22",
        "name": "Whittle Knife",
        "image": "https://raw.githubusercontent.com/Nereziel/cs2-WeaponPaints/main/website/img/skins/keychain-22.png"
    },
    {
        "id": "23",
        "name": "POP Art",
        "image": "https://raw.githubusercontent.com/Nereziel/cs2-WeaponPaints/main/website/img/skins/keychain-23.png"
    },
    {
        "id": "24",
        "name": "Lil' Squirt",
        "image": "https://raw.githubusercontent.com/Nereziel/cs2-WeaponPaints/main/website/img/skins/keychain-24.png"
    },
    {
        "id": "25",
        "name": "Disco MAC",
        "image": "https://raw.githubusercontent.com/Nereziel/cs2-WeaponPaints/main/website/img/skins/keychain-25.png"
    },
    {
        "id": "26",
        "name": "Backsplash",
        "image": "https://raw.githubusercontent.com/Nereziel/cs2-WeaponPaints/main/website/img/skins/keychain-26.png"
    },
    {
        "id": "27",
        "name": "Lil' Cap Gun",
        "image": "https://raw.githubusercontent.com/Nereziel/cs2-WeaponPaints/main/website/img/skins/keychain-27.png"
    },
    {
        "id": "28",
        "name": "Hot Hands",
        "image": "https://raw.githubusercontent.com/Nereziel/cs2-WeaponPaints/main/website/img/skins/keychain-28.png"
    },
    {
        "id": "29",
        "name": "Semi-Precious",
        "image": "https://raw.githubusercontent.com/Nereziel/cs2-WeaponPaints/main/website/img/skins/keychain-29.png"
    },
    {
        "id": "30",
        "name": "Baby Karat T",
        "image": "https://raw.githubusercontent.com/Nereziel/cs2-WeaponPaints/main/website/img/skins/keychain-30.png"
    },
    {
        "id": "31",
        "name": "Glamour Shot",
        "image": "https://raw.githubusercontent.com/Nereziel/cs2-WeaponPaints/main/website/img/skins/keychain-31.png"
    },
    {
        "id": "32",
        "name": "Stitch-Loaded",
        "image": "https://raw.githubusercontent.com/Nereziel/cs2-WeaponPaints/main/website/img/skins/keychain-32.png"
    },
    {
        "id": "33",
        "name": "Lil' Squatch",
        "image": "https://raw.githubusercontent.com/Nereziel/cs2-WeaponPaints/main/website/img/skins/keychain-33.png"
    }
]